what,kind,bundleId,bundleVersion,description,time
started,bundle,org.eclipse.jst.ws.jaxws.dom.ui,1.0.0.v201004171919,"org.eclipse.jst.ws.jaxws.dom.ui",1365508468253
started,bundle,org.eclipse.jst.j2ee.ejb,1.1.505.v201202020200,"org.eclipse.jst.j2ee.ejb",1365508468638
started,bundle,org.eclipse.jst.j2ee.jca,1.1.501.v201111030500,"org.eclipse.jst.j2ee.jca",1365508468719
started,bundle,org.eclipse.jst.jee.ejb,1.0.301.v201007070821,"org.eclipse.jst.jee.ejb",1365508468732
started,bundle,org.eclipse.jst.jee.web,1.0.301.v201007070907,"org.eclipse.jst.jee.web",1365508468737
started,bundle,org.eclipse.xsd,2.7.1.v20120130-0943,"org.eclipse.xsd",1365508468892
started,bundle,org.eclipse.compare,3.5.202.R37x_v20111109-0800,"org.eclipse.compare",1365508474149
deactivated,workbench,org.eclipse.ui.workbench,3.7.1.v20120104-1859,"",1365508476882
started,bundle,org.eclipse.mylyn.ide.ui,3.6.0.v20110608-1400,"org.eclipse.mylyn.ide.ui",1365508486140
activated,workbench,org.eclipse.ui.workbench,3.7.1.v20120104-1859,"",1365508486940
started,bundle,org.eclipse.mylyn.resources.ui,3.6.0.v20110608-1400,"org.eclipse.mylyn.resources.ui",1365508487003
opened,editor,org.eclipse.jdt.ui,3.7.2.v20120109-1427,"org.eclipse.jdt.ui.CompilationUnitEditor",1365508487240
activated,editor,org.eclipse.jdt.ui,3.7.2.v20120109-1427,"org.eclipse.jdt.ui.CompilationUnitEditor",1365508487302
deactivated,workbench,org.eclipse.ui.workbench,3.7.1.v20120104-1859,"",1365508489032
activated,workbench,org.eclipse.ui.workbench,3.7.1.v20120104-1859,"",1365508546623
activated,editor,org.eclipse.jdt.ui,3.7.2.v20120109-1427,"org.eclipse.jdt.ui.CompilationUnitEditor",1365508550462
activated,editor,org.eclipse.jdt.ui,3.7.2.v20120109-1427,"org.eclipse.jdt.ui.CompilationUnitEditor",1365508552643
activated,editor,org.eclipse.jdt.ui,3.7.2.v20120109-1427,"org.eclipse.jdt.ui.CompilationUnitEditor",1365508557504
activated,editor,org.eclipse.jdt.ui,3.7.2.v20120109-1427,"org.eclipse.jdt.ui.CompilationUnitEditor",1365508563290
deactivated,workbench,org.eclipse.ui.workbench,3.7.1.v20120104-1859,"",1365508564576
activated,workbench,org.eclipse.ui.workbench,3.7.1.v20120104-1859,"",1365508614981
activated,view,org.eclipse.ui.navigator.resources,3.4.300.v20110928-1505,"org.eclipse.ui.navigator.ProjectExplorer",1365508626322
deactivated,workbench,org.eclipse.ui.workbench,3.7.1.v20120104-1859,"",1365508627765
closed,editor,org.eclipse.jdt.ui,3.7.2.v20120109-1427,"org.eclipse.jdt.ui.CompilationUnitEditor",1365508629704
activated,workbench,org.eclipse.ui.workbench,3.7.1.v20120104-1859,"",1365508629784
executed,command,org.eclipse.ui,3.7.0.v20110928-1505,"org.eclipse.ui.edit.delete",1365508629790
activated,editor,org.eclipse.jdt.ui,3.7.2.v20120109-1427,"org.eclipse.jdt.ui.CompilationUnitEditor",1365508632333
started,bundle,org.eclipse.pde.launching,3.6.0.v20110506,"org.eclipse.pde.launching",1365508636700
started,bundle,org.eclipse.ui.views.log,1.0.200.v20110404,"org.eclipse.ui.views.log",1365508636734
started,bundle,org.eclipse.pde.ui,3.6.100.v20120103_r372,"org.eclipse.pde.ui",1365508636750
executed,command,,,"AUTOGEN:::org.eclipse.jdt.internal.ui.CompilationUnitEditor.ruler.actions/org.eclipse.jdt.internal.ui.javaeditor.JavaSelectRulerAction",1365508646763
deactivated,workbench,org.eclipse.ui.workbench,3.7.1.v20120104-1859,"",1365508648149
activated,workbench,org.eclipse.ui.workbench,3.7.1.v20120104-1859,"",1365508648326
deactivated,workbench,org.eclipse.ui.workbench,3.7.1.v20120104-1859,"",1365508652816
activated,workbench,org.eclipse.ui.workbench,3.7.1.v20120104-1859,"",1365508676760
deactivated,workbench,org.eclipse.ui.workbench,3.7.1.v20120104-1859,"",1365508699312
activated,workbench,org.eclipse.ui.workbench,3.7.1.v20120104-1859,"",1365508706460
executed,command,org.eclipse.ui,3.7.0.v20110928-1505,"org.eclipse.ui.edit.paste",1365508707296
deactivated,workbench,org.eclipse.ui.workbench,3.7.1.v20120104-1859,"",1365508708497
activated,workbench,org.eclipse.ui.workbench,3.7.1.v20120104-1859,"",1365508710373
executed,command,,,"AUTOGEN:::org.eclipse.jdt.internal.ui.CompilationUnitEditor.ruler.actions/org.eclipse.jdt.internal.ui.javaeditor.JavaSelectRulerAction",1365508714626
deactivated,workbench,org.eclipse.ui.workbench,3.7.1.v20120104-1859,"",1365508715444
activated,workbench,org.eclipse.ui.workbench,3.7.1.v20120104-1859,"",1365508715611
executed,command,,,"AUTOGEN:::org.eclipse.jdt.internal.ui.CompilationUnitEditor.ruler.actions/org.eclipse.jdt.internal.ui.javaeditor.JavaSelectRulerAction",1365508720293
deactivated,workbench,org.eclipse.ui.workbench,3.7.1.v20120104-1859,"",1365508721206
activated,workbench,org.eclipse.ui.workbench,3.7.1.v20120104-1859,"",1365508721404
deactivated,workbench,org.eclipse.ui.workbench,3.7.1.v20120104-1859,"",1365508728844
activated,workbench,org.eclipse.ui.workbench,3.7.1.v20120104-1859,"",1365508732053
started,bundle,org.eclipse.jpt.jaxb.ui,1.1.2.v201201260000,"org.eclipse.jpt.jaxb.ui",1365508735625
started,bundle,org.eclipse.jpt.jpa.ui,3.0.2.v201201243020,"org.eclipse.jpt.jpa.ui",1365508735735
started,bundle,org.eclipse.jst.ws.jaxws.ui,1.0.100.v201104032053,"org.eclipse.jst.ws.jaxws.ui",1365508735816
started,bundle,org.eclipse.mylyn.java.ui,3.6.0.v20110608-1400,"org.eclipse.mylyn.java.ui",1365508735826
started,bundle,org.eclipse.pde.api.tools,1.0.301.v20111129-2053,"org.eclipse.pde.api.tools",1365508735978
started,bundle,org.eclipse.pde.api.tools.ui,1.0.301.v20110803_r371,"org.eclipse.pde.api.tools.ui",1365508735980
started,bundle,org.eclipse.jpt.jaxb.core,1.0.2.v201111103010,"org.eclipse.jpt.jaxb.core",1365508736039
deactivated,workbench,org.eclipse.ui.workbench,3.7.1.v20120104-1859,"",1365508737584
activated,workbench,org.eclipse.ui.workbench,3.7.1.v20120104-1859,"",1365508742558
executed,command,org.eclipse.ui.workbench.texteditor,3.7.0.v20110928-1504,"org.eclipse.ui.edit.text.goto.lineEnd",1365508774650
deactivated,workbench,org.eclipse.ui.workbench,3.7.1.v20120104-1859,"",1365508824879
activated,workbench,org.eclipse.ui.workbench,3.7.1.v20120104-1859,"",1365508854836
executed,command,org.eclipse.ui,3.7.0.v20110928-1505,"org.eclipse.ui.edit.paste",1365508858297
started,bundle,org.eclipse.mylyn.java.tasks,3.6.0.v20110608-1400,"org.eclipse.mylyn.java.tasks",1365508858387
deactivated,workbench,org.eclipse.ui.workbench,3.7.1.v20120104-1859,"",1365508869852
activated,workbench,org.eclipse.ui.workbench,3.7.1.v20120104-1859,"",1365508884998
deactivated,workbench,org.eclipse.ui.workbench,3.7.1.v20120104-1859,"",1365508887847
activated,workbench,org.eclipse.ui.workbench,3.7.1.v20120104-1859,"",1365508889044
deactivated,workbench,org.eclipse.ui.workbench,3.7.1.v20120104-1859,"",1365508889986
activated,workbench,org.eclipse.ui.workbench,3.7.1.v20120104-1859,"",1365508890816
deactivated,workbench,org.eclipse.ui.workbench,3.7.1.v20120104-1859,"",1365508891534
activated,workbench,org.eclipse.ui.workbench,3.7.1.v20120104-1859,"",1365508892795
deactivated,workbench,org.eclipse.ui.workbench,3.7.1.v20120104-1859,"",1365508897837
activated,workbench,org.eclipse.ui.workbench,3.7.1.v20120104-1859,"",1365508899138
deactivated,workbench,org.eclipse.ui.workbench,3.7.1.v20120104-1859,"",1365508900957
activated,workbench,org.eclipse.ui.workbench,3.7.1.v20120104-1859,"",1365508903509
activated,view,org.eclipse.ui.navigator.resources,3.4.300.v20110928-1505,"org.eclipse.ui.navigator.ProjectExplorer",1365508905198
started,bundle,org.eclipse.wst.xsl.exslt.core,1.0.0.v201005240426,"org.eclipse.wst.xsl.exslt.core",1365508907438
started,bundle,org.eclipse.wst.xsl.ui,1.1.200.v201103082057,"org.eclipse.wst.xsl.ui",1365508907527
opened,editor,org.eclipse.wst.xml.ui,1.1.202.v201112071516,"org.eclipse.wst.xml.ui.internal.tabletree.XMLMultiPageEditorPart",1365508907564
activated,editor,org.eclipse.wst.xml.ui,1.1.202.v201112071516,"org.eclipse.wst.xml.ui.internal.tabletree.XMLMultiPageEditorPart",1365508907638
started,bundle,org.eclipse.wst.internet.cache,1.0.400.v201004280700,"org.eclipse.wst.internet.cache",1365508907893
deactivated,workbench,org.eclipse.ui.workbench,3.7.1.v20120104-1859,"",1365508909582
activated,workbench,org.eclipse.ui.workbench,3.7.1.v20120104-1859,"",1365508913428
activated,view,org.eclipse.ui.navigator.resources,3.4.300.v20110928-1505,"org.eclipse.ui.navigator.ProjectExplorer",1365508914848
activated,editor,org.eclipse.jdt.ui,3.7.2.v20120109-1427,"org.eclipse.jdt.ui.CompilationUnitEditor",1365508915061
deactivated,workbench,org.eclipse.ui.workbench,3.7.1.v20120104-1859,"",1365508925866
activated,workbench,org.eclipse.ui.workbench,3.7.1.v20120104-1859,"",1365508929455
deactivated,workbench,org.eclipse.ui.workbench,3.7.1.v20120104-1859,"",1365508930588
activated,workbench,org.eclipse.ui.workbench,3.7.1.v20120104-1859,"",1365508931556
deactivated,workbench,org.eclipse.ui.workbench,3.7.1.v20120104-1859,"",1365508932703
activated,workbench,org.eclipse.ui.workbench,3.7.1.v20120104-1859,"",1365508935133
deactivated,workbench,org.eclipse.ui.workbench,3.7.1.v20120104-1859,"",1365508952562
activated,workbench,org.eclipse.ui.workbench,3.7.1.v20120104-1859,"",1365508954258
deactivated,workbench,org.eclipse.ui.workbench,3.7.1.v20120104-1859,"",1365508964019
activated,workbench,org.eclipse.ui.workbench,3.7.1.v20120104-1859,"",1365508966245
deactivated,workbench,org.eclipse.ui.workbench,3.7.1.v20120104-1859,"",1365508968716
activated,workbench,org.eclipse.ui.workbench,3.7.1.v20120104-1859,"",1365508970268
executed,command,org.eclipse.ui,3.7.0.v20110928-1505,"org.eclipse.ui.edit.delete",1365508973859
deactivated,workbench,org.eclipse.ui.workbench,3.7.1.v20120104-1859,"",1365508985752
activated,workbench,org.eclipse.ui.workbench,3.7.1.v20120104-1859,"",1365508992282
deactivated,workbench,org.eclipse.ui.workbench,3.7.1.v20120104-1859,"",1365509000576
activated,workbench,org.eclipse.ui.workbench,3.7.1.v20120104-1859,"",1365509003309
deactivated,workbench,org.eclipse.ui.workbench,3.7.1.v20120104-1859,"",1365509018073
activated,workbench,org.eclipse.ui.workbench,3.7.1.v20120104-1859,"",1365509019795
deactivated,workbench,org.eclipse.ui.workbench,3.7.1.v20120104-1859,"",1365509032904
activated,workbench,org.eclipse.ui.workbench,3.7.1.v20120104-1859,"",1365509034063
deactivated,workbench,org.eclipse.ui.workbench,3.7.1.v20120104-1859,"",1365509040437
activated,workbench,org.eclipse.ui.workbench,3.7.1.v20120104-1859,"",1365509041994
deactivated,workbench,org.eclipse.ui.workbench,3.7.1.v20120104-1859,"",1365509055491
activated,workbench,org.eclipse.ui.workbench,3.7.1.v20120104-1859,"",1365509056483
deactivated,workbench,org.eclipse.ui.workbench,3.7.1.v20120104-1859,"",1365509067123
activated,workbench,org.eclipse.ui.workbench,3.7.1.v20120104-1859,"",1365509068774
executed,command,org.eclipse.ui,3.7.0.v20110928-1505,"org.eclipse.ui.edit.delete",1365509094235
executed,command,org.eclipse.ui,3.7.0.v20110928-1505,"org.eclipse.ui.edit.delete",1365509094438
executed,command,org.eclipse.ui,3.7.0.v20110928-1505,"org.eclipse.ui.edit.delete",1365509094714
executed,command,org.eclipse.ui,3.7.0.v20110928-1505,"org.eclipse.ui.edit.delete",1365509094922
executed,command,org.eclipse.ui,3.7.0.v20110928-1505,"org.eclipse.ui.edit.delete",1365509095115
executed,command,org.eclipse.ui,3.7.0.v20110928-1505,"org.eclipse.ui.edit.delete",1365509095520
executed,command,org.eclipse.ui,3.7.0.v20110928-1505,"org.eclipse.ui.edit.delete",1365509106063
executed,command,org.eclipse.ui,3.7.0.v20110928-1505,"org.eclipse.ui.edit.delete",1365509106359
executed,command,org.eclipse.ui,3.7.0.v20110928-1505,"org.eclipse.ui.edit.delete",1365509106538
executed,command,org.eclipse.ui,3.7.0.v20110928-1505,"org.eclipse.ui.edit.delete",1365509115230
deactivated,workbench,org.eclipse.ui.workbench,3.7.1.v20120104-1859,"",1365509122387
activated,workbench,org.eclipse.ui.workbench,3.7.1.v20120104-1859,"",1365509125689
executed,command,org.eclipse.ui,3.7.0.v20110928-1505,"org.eclipse.ui.file.save",1365509126971
activated,view,org.eclipse.ui.navigator.resources,3.4.300.v20110928-1505,"org.eclipse.ui.navigator.ProjectExplorer",1365509146511
deactivated,workbench,org.eclipse.ui.workbench,3.7.1.v20120104-1859,"",1365509148597
activated,workbench,org.eclipse.ui.workbench,3.7.1.v20120104-1859,"",1365509158293
opened,editor,org.eclipse.jdt.ui,3.7.2.v20120109-1427,"org.eclipse.jdt.ui.CompilationUnitEditor",1365509158390
activated,editor,org.eclipse.jdt.ui,3.7.2.v20120109-1427,"org.eclipse.jdt.ui.CompilationUnitEditor",1365509158445
executed,command,,,"AUTOGEN:::org.eclipse.jdt.internal.ui.CompilationUnitEditor.ruler.actions/org.eclipse.jdt.internal.ui.javaeditor.JavaSelectRulerAction",1365509193383
executed,command,org.eclipse.ui.workbench.texteditor,3.7.0.v20110928-1504,"org.eclipse.ui.edit.text.goto.lineEnd",1365509233734
activated,editor,org.eclipse.jdt.ui,3.7.2.v20120109-1427,"org.eclipse.jdt.ui.CompilationUnitEditor",1365509236479
executed,command,org.eclipse.ui,3.7.0.v20110928-1505,"org.eclipse.ui.edit.copy",1365509239311
activated,editor,org.eclipse.jdt.ui,3.7.2.v20120109-1427,"org.eclipse.jdt.ui.CompilationUnitEditor",1365509240110
executed,command,org.eclipse.ui,3.7.0.v20110928-1505,"org.eclipse.ui.edit.paste",1365509240798
executed,command,org.eclipse.ui.workbench.texteditor,3.7.0.v20110928-1504,"org.eclipse.ui.edit.text.goto.lineEnd",1365509245248
executed,command,,,"AUTOGEN:::org.eclipse.jdt.internal.ui.CompilationUnitEditor.ruler.actions/org.eclipse.jdt.internal.ui.javaeditor.JavaSelectRulerAction",1365509257570
deactivated,workbench,org.eclipse.ui.workbench,3.7.1.v20120104-1859,"",1365509259002
activated,workbench,org.eclipse.ui.workbench,3.7.1.v20120104-1859,"",1365509259183
executed,command,org.eclipse.ui,3.7.0.v20110928-1505,"org.eclipse.ui.edit.copy",1365509294989
executed,command,org.eclipse.ui,3.7.0.v20110928-1505,"org.eclipse.ui.edit.paste",1365509295639
executed,command,org.eclipse.ui,3.7.0.v20110928-1505,"org.eclipse.ui.edit.text.contentAssist.proposals",1365509312223
executed,command,org.eclipse.ui,3.7.0.v20110928-1505,"org.eclipse.ui.edit.text.contentAssist.proposals",1365509315822
executed,command,,,"AUTOGEN:::org.eclipse.jdt.internal.ui.CompilationUnitEditor.ruler.actions/org.eclipse.jdt.internal.ui.javaeditor.JavaSelectRulerAction",1365509339763
deactivated,workbench,org.eclipse.ui.workbench,3.7.1.v20120104-1859,"",1365509341578
activated,workbench,org.eclipse.ui.workbench,3.7.1.v20120104-1859,"",1365509341746
executed,command,org.eclipse.ui,3.7.0.v20110928-1505,"org.eclipse.ui.edit.delete",1365509354829
executed,command,org.eclipse.ui,3.7.0.v20110928-1505,"org.eclipse.ui.edit.delete",1365509357980
executed,command,org.eclipse.ui,3.7.0.v20110928-1505,"org.eclipse.ui.edit.delete",1365509358333
executed,command,org.eclipse.ui,3.7.0.v20110928-1505,"org.eclipse.ui.edit.delete",1365509358628
executed,command,org.eclipse.ui,3.7.0.v20110928-1505,"org.eclipse.ui.edit.delete",1365509361228
executed,command,org.eclipse.ui,3.7.0.v20110928-1505,"org.eclipse.ui.edit.delete",1365509361564
executed,command,org.eclipse.ui,3.7.0.v20110928-1505,"org.eclipse.ui.edit.delete",1365509361876
executed,command,org.eclipse.ui,3.7.0.v20110928-1505,"org.eclipse.ui.edit.delete",1365509362126
deactivated,workbench,org.eclipse.ui.workbench,3.7.1.v20120104-1859,"",1365509371645
activated,workbench,org.eclipse.ui.workbench,3.7.1.v20120104-1859,"",1365509402137
activated,editor,org.eclipse.wst.xml.ui,1.1.202.v201112071516,"org.eclipse.wst.xml.ui.internal.tabletree.XMLMultiPageEditorPart",1365509404811
activated,editor,org.eclipse.jdt.ui,3.7.2.v20120109-1427,"org.eclipse.jdt.ui.CompilationUnitEditor",1365509415179
closed,editor,org.eclipse.wst.xml.ui,1.1.202.v201112071516,"org.eclipse.wst.xml.ui.internal.tabletree.XMLMultiPageEditorPart",1365509415180
executed,command,org.eclipse.ui,3.7.0.v20110928-1505,"org.eclipse.ui.file.save",1365509416370
activated,editor,org.eclipse.jdt.ui,3.7.2.v20120109-1427,"org.eclipse.jdt.ui.CompilationUnitEditor",1365509422367
executed,command,org.eclipse.ui,3.7.0.v20110928-1505,"org.eclipse.ui.edit.delete",1365509427332
executed,command,org.eclipse.ui,3.7.0.v20110928-1505,"org.eclipse.ui.edit.delete",1365509427733
executed,command,org.eclipse.ui,3.7.0.v20110928-1505,"org.eclipse.ui.edit.delete",1365509428069
activated,editor,org.eclipse.jdt.ui,3.7.2.v20120109-1427,"org.eclipse.jdt.ui.CompilationUnitEditor",1365509437943
activated,editor,org.eclipse.jdt.ui,3.7.2.v20120109-1427,"org.eclipse.jdt.ui.CompilationUnitEditor",1365509443718
executed,command,org.eclipse.ui,3.7.0.v20110928-1505,"org.eclipse.ui.edit.text.contentAssist.proposals",1365509447917
activated,editor,org.eclipse.jdt.ui,3.7.2.v20120109-1427,"org.eclipse.jdt.ui.CompilationUnitEditor",1365509455881
activated,editor,org.eclipse.jdt.ui,3.7.2.v20120109-1427,"org.eclipse.jdt.ui.CompilationUnitEditor",1365509457788
executed,command,org.eclipse.ui,3.7.0.v20110928-1505,"org.eclipse.ui.file.save",1365509459913
activated,editor,org.eclipse.jdt.ui,3.7.2.v20120109-1427,"org.eclipse.jdt.ui.CompilationUnitEditor",1365509471198
executed,command,org.eclipse.ui,3.7.0.v20110928-1505,"org.eclipse.ui.file.save",1365509472136
activated,editor,org.eclipse.jdt.ui,3.7.2.v20120109-1427,"org.eclipse.jdt.ui.CompilationUnitEditor",1365509473358
deactivated,workbench,org.eclipse.ui.workbench,3.7.1.v20120104-1859,"",1365509495250
activated,workbench,org.eclipse.ui.workbench,3.7.1.v20120104-1859,"",1365509549545
executed,command,org.eclipse.ui,3.7.0.v20110928-1505,"org.eclipse.ui.edit.paste",1365509553705
deactivated,workbench,org.eclipse.ui.workbench,3.7.1.v20120104-1859,"",1365509562378
activated,workbench,org.eclipse.ui.workbench,3.7.1.v20120104-1859,"",1365509563706
deactivated,workbench,org.eclipse.ui.workbench,3.7.1.v20120104-1859,"",1365509565344
activated,workbench,org.eclipse.ui.workbench,3.7.1.v20120104-1859,"",1365509566867
executed,command,org.eclipse.ui,3.7.0.v20110928-1505,"org.eclipse.ui.file.save",1365509568455
deactivated,workbench,org.eclipse.ui.workbench,3.7.1.v20120104-1859,"",1365509569977
activated,workbench,org.eclipse.ui.workbench,3.7.1.v20120104-1859,"",1365509602303
executed,command,org.eclipse.ui.workbench.texteditor,3.7.0.v20110928-1504,"org.eclipse.ui.edit.text.goto.lineEnd",1365509609316
deactivated,workbench,org.eclipse.ui.workbench,3.7.1.v20120104-1859,"",1365509623986
activated,workbench,org.eclipse.ui.workbench,3.7.1.v20120104-1859,"",1365509656102
deactivated,workbench,org.eclipse.ui.workbench,3.7.1.v20120104-1859,"",1365509659860
activated,workbench,org.eclipse.ui.workbench,3.7.1.v20120104-1859,"",1365509754388
deactivated,workbench,org.eclipse.ui.workbench,3.7.1.v20120104-1859,"",1365509758063
activated,workbench,org.eclipse.ui.workbench,3.7.1.v20120104-1859,"",1365509977814
deactivated,workbench,org.eclipse.ui.workbench,3.7.1.v20120104-1859,"",1365509980914
activated,workbench,org.eclipse.ui.workbench,3.7.1.v20120104-1859,"",1365509997260
activated,editor,org.eclipse.jdt.ui,3.7.2.v20120109-1427,"org.eclipse.jdt.ui.CompilationUnitEditor",1365509998694
deactivated,workbench,org.eclipse.ui.workbench,3.7.1.v20120104-1859,"",1365510005584
activated,workbench,org.eclipse.ui.workbench,3.7.1.v20120104-1859,"",1365510127995
deactivated,workbench,org.eclipse.ui.workbench,3.7.1.v20120104-1859,"",1365510128657
activated,workbench,org.eclipse.ui.workbench,3.7.1.v20120104-1859,"",1365510131705
activated,editor,org.eclipse.jdt.ui,3.7.2.v20120109-1427,"org.eclipse.jdt.ui.CompilationUnitEditor",1365510134627
activated,editor,org.eclipse.jdt.ui,3.7.2.v20120109-1427,"org.eclipse.jdt.ui.CompilationUnitEditor",1365510138855
deactivated,workbench,org.eclipse.ui.workbench,3.7.1.v20120104-1859,"",1365510171797
activated,workbench,org.eclipse.ui.workbench,3.7.1.v20120104-1859,"",1365510399113
deactivated,workbench,org.eclipse.ui.workbench,3.7.1.v20120104-1859,"",1365510401935
activated,workbench,org.eclipse.ui.workbench,3.7.1.v20120104-1859,"",1365510939179
deactivated,workbench,org.eclipse.ui.workbench,3.7.1.v20120104-1859,"",1365510944119
activated,workbench,org.eclipse.ui.workbench,3.7.1.v20120104-1859,"",1365510979394
deactivated,workbench,org.eclipse.ui.workbench,3.7.1.v20120104-1859,"",1365510984027
activated,workbench,org.eclipse.ui.workbench,3.7.1.v20120104-1859,"",1365510992451
deactivated,workbench,org.eclipse.ui.workbench,3.7.1.v20120104-1859,"",1365510997347
activated,workbench,org.eclipse.ui.workbench,3.7.1.v20120104-1859,"",1365511005735
deactivated,workbench,org.eclipse.ui.workbench,3.7.1.v20120104-1859,"",1365511009619
activated,workbench,org.eclipse.ui.workbench,3.7.1.v20120104-1859,"",1365511010844
deactivated,workbench,org.eclipse.ui.workbench,3.7.1.v20120104-1859,"",1365511013336
activated,workbench,org.eclipse.ui.workbench,3.7.1.v20120104-1859,"",1365511014877
deactivated,workbench,org.eclipse.ui.workbench,3.7.1.v20120104-1859,"",1365511022570
activated,workbench,org.eclipse.ui.workbench,3.7.1.v20120104-1859,"",1365511023848
executed,command,,,"AUTOGEN:::org.eclipse.jdt.internal.ui.CompilationUnitEditor.ruler.actions/org.eclipse.jdt.internal.ui.javaeditor.JavaSelectRulerAction",1365511031144
deactivated,workbench,org.eclipse.ui.workbench,3.7.1.v20120104-1859,"",1365511033769
activated,workbench,org.eclipse.ui.workbench,3.7.1.v20120104-1859,"",1365511041354
executed,command,org.eclipse.ui,3.7.0.v20110928-1505,"org.eclipse.ui.edit.paste",1365511043201
started,bundle,org.eclipse.pde.core,3.7.1.v20120103_r372,"org.eclipse.pde.core",1365511046899
activated,view,org.eclipse.ui.navigator.resources,3.4.300.v20110928-1505,"org.eclipse.ui.navigator.ProjectExplorer",1365511060389
deactivated,workbench,org.eclipse.ui.workbench,3.7.1.v20120104-1859,"",1365511068932
activated,workbench,org.eclipse.ui.workbench,3.7.1.v20120104-1859,"",1365511070554
executed,command,org.eclipse.ui,3.7.0.v20110928-1505,"org.eclipse.ui.file.properties",1365511070562
started,bundle,org.eclipse.wst.ws.service.policy.ui,1.0.300.v201108240515,"org.eclipse.wst.ws.service.policy.ui",1365511073937
started,bundle,org.eclipse.wst.ws.service.policy,1.0.303.v201009221810,"org.eclipse.wst.ws.service.policy",1365511073942
started,bundle,org.eclipse.wst.command.env,1.0.409.v201004211805,"org.eclipse.wst.command.env",1365511074033
started,bundle,org.eclipse.wst.ws,1.1.203.v201004211805,"org.eclipse.wst.ws",1365511074050
deactivated,workbench,org.eclipse.ui.workbench,3.7.1.v20120104-1859,"",1365511074302
activated,workbench,org.eclipse.ui.workbench,3.7.1.v20120104-1859,"",1365511112195
deactivated,workbench,org.eclipse.ui.workbench,3.7.1.v20120104-1859,"",1365511136432
activated,workbench,org.eclipse.ui.workbench,3.7.1.v20120104-1859,"",1365511208771
deactivated,workbench,org.eclipse.ui.workbench,3.7.1.v20120104-1859,"",1365511209663
activated,workbench,org.eclipse.ui.workbench,3.7.1.v20120104-1859,"",1365511450889
deactivated,workbench,org.eclipse.ui.workbench,3.7.1.v20120104-1859,"",1365511457608
executed,command,org.eclipse.ui,3.7.0.v20110928-1505,"org.eclipse.ui.edit.paste",1365511497751
activated,workbench,org.eclipse.ui.workbench,3.7.1.v20120104-1859,"",1365511549379
activated,editor,org.eclipse.jdt.ui,3.7.2.v20120109-1427,"org.eclipse.jdt.ui.CompilationUnitEditor",1365511550914
deactivated,workbench,org.eclipse.ui.workbench,3.7.1.v20120104-1859,"",1365511559446
activated,workbench,org.eclipse.ui.workbench,3.7.1.v20120104-1859,"",1365511567048
executed,command,org.eclipse.ui,3.7.0.v20110928-1505,"org.eclipse.ui.edit.paste",1365511569731
deactivated,workbench,org.eclipse.ui.workbench,3.7.1.v20120104-1859,"",1365511579985
activated,workbench,org.eclipse.ui.workbench,3.7.1.v20120104-1859,"",1365511603974
executed,command,,,"AUTOGEN:::org.eclipse.jdt.internal.ui.CompilationUnitEditor.ruler.actions/org.eclipse.jdt.internal.ui.javaeditor.JavaSelectRulerAction",1365511608309
deactivated,workbench,org.eclipse.ui.workbench,3.7.1.v20120104-1859,"",1365511615661
activated,workbench,org.eclipse.ui.workbench,3.7.1.v20120104-1859,"",1365511620602
deactivated,workbench,org.eclipse.ui.workbench,3.7.1.v20120104-1859,"",1365511620725
started,bundle,org.eclipse.equinox.p2.garbagecollector,1.0.200.v20110815-1419,"org.eclipse.equinox.p2.garbagecollector",1365511620763
activated,workbench,org.eclipse.ui.workbench,3.7.1.v20120104-1859,"",1365511623458
executed,command,org.eclipse.pde.ui,3.6.100.v20120103_r372,"org.eclipse.pde.ui.searchTargetRepositories",1365511623468
activated,view,org.eclipse.ui.navigator.resources,3.4.300.v20110928-1505,"org.eclipse.ui.navigator.ProjectExplorer",1365511627081
activated,editor,org.eclipse.jdt.ui,3.7.2.v20120109-1427,"org.eclipse.jdt.ui.CompilationUnitEditor",1365511644152
deactivated,workbench,org.eclipse.ui.workbench,3.7.1.v20120104-1859,"",1365511646753
activated,workbench,org.eclipse.ui.workbench,3.7.1.v20120104-1859,"",1365511667780
activated,view,org.eclipse.ui.navigator.resources,3.4.300.v20110928-1505,"org.eclipse.ui.navigator.ProjectExplorer",1365511672753
activated,editor,org.eclipse.jdt.ui,3.7.2.v20120109-1427,"org.eclipse.jdt.ui.CompilationUnitEditor",1365511677364
executed,command,org.eclipse.ui,3.7.0.v20110928-1505,"org.eclipse.ui.edit.text.contentAssist.proposals",1365511686030
executed,command,org.eclipse.ui,3.7.0.v20110928-1505,"org.eclipse.ui.edit.text.contentAssist.proposals",1365511691006
deactivated,workbench,org.eclipse.ui.workbench,3.7.1.v20120104-1859,"",1365511693814
activated,workbench,org.eclipse.ui.workbench,3.7.1.v20120104-1859,"",1365511696174
executed,command,org.eclipse.ui,3.7.0.v20110928-1505,"org.eclipse.ui.edit.text.contentAssist.proposals",1365511701640
executed,command,org.eclipse.ui,3.7.0.v20110928-1505,"org.eclipse.ui.edit.text.contentAssist.proposals",1365511703724
executed,command,org.eclipse.ui,3.7.0.v20110928-1505,"org.eclipse.ui.edit.text.contentAssist.proposals",1365511714683
activated,view,org.eclipse.ui.navigator.resources,3.4.300.v20110928-1505,"org.eclipse.ui.navigator.ProjectExplorer",1365511736497
deactivated,workbench,org.eclipse.ui.workbench,3.7.1.v20120104-1859,"",1365511739681
activated,workbench,org.eclipse.ui.workbench,3.7.1.v20120104-1859,"",1365511775225
activated,editor,org.eclipse.jdt.ui,3.7.2.v20120109-1427,"org.eclipse.jdt.ui.CompilationUnitEditor",1365511776132
activated,editor,org.eclipse.jdt.ui,3.7.2.v20120109-1427,"org.eclipse.jdt.ui.CompilationUnitEditor",1365511791236
executed,command,org.eclipse.ui,3.7.0.v20110928-1505,"org.eclipse.ui.edit.text.contentAssist.proposals",1365511793948
executed,command,org.eclipse.ui,3.7.0.v20110928-1505,"org.eclipse.ui.edit.text.contentAssist.proposals",1365511797206
deactivated,workbench,org.eclipse.ui.workbench,3.7.1.v20120104-1859,"",1365511800330
activated,workbench,org.eclipse.ui.workbench,3.7.1.v20120104-1859,"",1365511819174
activated,view,org.eclipse.ui.navigator.resources,3.4.300.v20110928-1505,"org.eclipse.ui.navigator.ProjectExplorer",1365511821664
deactivated,workbench,org.eclipse.ui.workbench,3.7.1.v20120104-1859,"",1365511823986
activated,workbench,org.eclipse.ui.workbench,3.7.1.v20120104-1859,"",1365511942171
